launch,partner,category,shape,title,handle,score,partner_rank,price_usd,colour,family,why,exclude,collections,created
wave1-B,pooja,band,oval,1 TO 5 CT Lab Grown Oval Cut Diamond Peyton East-West Solitaire Ring in 10K/14K/18K Gold with Wide Rounded Polished Band,1-to-5-ct-lab-grown-oval-cut-diamond-peyton-east-west-solitaire-ring-in-10k-14k-18k-gold-with-wide-rounded-polished-band-pooja-diamonds-igi-certified-lab-diamond,38,,1550,,peyton east west solitaire with wide rounded polished band,oval +22; east-west +8; solitaire +6,,lab-grown-diamond-rings,2026-01-26
wave1-B,pooja,band,oval,1 To 5 Ct Amelie Oval Cut Three Stone Lab Grown Diamond Ring with Pave Band in 10K/14K/18K Gold,1-to-5-ct-amelie-oval-cut-three-stone-lab-grown-diamond-ring-with-pave-band-in-10k-14k-18k-gold-pooja-diamond-igi-certified-lab-diamond,35,,1100,,amelie three stone with pave band,oval +22; three stone +8; pave +3,,lab-grown-diamond-rings,2026-02-13
wave1-B,pooja,band,oval,1 TO 5 CT Lab Grown Oval Cut Diamond Peyton 4mm Satin Finish Solitaire Ring in 10K/14K/18K Gold with Brushed Wide Band,1-to-5-ct-lab-grown-oval-cut-diamond-peyton-4mm-satin-finish-solitaire-ring-in-10k-14k-18k-gold-with-brushed-wide-band-igi-certified-lab-diamond,35,,1250,,peyton mm satin finish solitaire with brushed wide band,oval +22; solitaire +6; wide band +5,,lab-grown-diamond-rings,2026-01-26
wave1-B,pooja,band,round,1 To 5 Ct Amelie Round Cut Three Stone Lab Grown Diamond Ring with Pave Band in 10K/14K/18K Gold,1-to-5-ct-amelie-round-cut-three-stone-lab-grown-diamond-ring-with-pave-band-in-10k-14k-18k-gold-pooja-diamond-igi-certified-lab-diamond,33,,1100,,amelie three stone with pave band,round +20; three stone +8; pave +3,,lab-grown-diamond-rings,2026-02-13
wave1-B,pooja,band,round,1 TO 5 CT Lab Grown Round Cut Diamond Peyton 4mm Satin Finish Solitaire Ring in 10K/14K/18K Gold with Brushed Wide Band,1-to-5-ct-lab-grown-round-cut-diamond-peyton-4mm-satin-finish-solitaire-ring-in-10k-14k-18k-gold-with-brushed-wide-band-igi-certified-lab-diamond,33,,1250,,peyton mm satin finish solitaire with brushed wide band,round +20; solitaire +6; wide band +5,,lab-grown-diamond-rings,2026-01-26
wave1-B,pooja,band,oval,1 To 5 Ct Hudson Oval Cut Three Stone Lab Grown Diamond Ring with Engraved Band in 10K / 14K / 18K Gold,1-to-5-ct-hudson-oval-cut-three-stone-lab-grown-diamond-ring-with-engraved-band-in-10k-14k-18k-gold-pooja-diamond-igi-certified-lab-diamond,32,,1100,,hudson three stone with engraved band,oval +22; three stone +8,,lab-grown-diamond-rings,2026-03-12
wave1-B,pooja,band,emerald,1 TO 5 CT Lab Grown Emerald Cut Diamond Peyton East-West Solitaire Ring in 10K/14K/18K Gold with Wide Rounded Polished Band,1-to-5-ct-lab-grown-emerald-cut-diamond-peyton-east-west-solitaire-ring-in-10k-14k-18k-gold-with-wide-rounded-polished-band-pooja-diamonds-igi-certified-lab-diamond,32,,1550,,peyton east west solitaire with wide rounded polished band,emerald +16; east-west +8; solitaire +6,,lab-grown-diamond-rings,2026-01-26
wave1-B,pooja,band,emerald,Emerald Cut Lab Grown Diamond Full Eternity Ring in Gold,lab-grown-diamond-eternity-wedding-band-in-yellow-gold,32,,2200,,full eternity,emerald +16; bezel +10; solitaire +6,,lab-grown-diamond-rings,2025-12-13
wave1-B,pooja,band,round,1 To 5 Ct Hudson Round Cut Three Stone Lab Grown Diamond Ring with Engraved Band in 10K / 14K / 18K Gold,1-to-5-ct-hudson-round-cut-three-stone-lab-grown-diamond-ring-with-engraved-band-in-10k-14k-18k-gold-pooja-diamond-igi-certified-lab-diamond,30,,1100,,hudson three stone with engraved band,round +20; three stone +8,,lab-grown-diamond-rings,2026-03-12
wave1-B,pooja,band,radiant,1 TO 5 CT Lab Grown Radiant Cut Diamond Peyton East-West Solitaire Ring in 10K/14K/18K Gold with Wide Rounded Polished Band,1-to-5-ct-lab-grown-radiantcut-diamond-peyton-east-west-solitaire-ring-in-10k-14k-18k-gold-with-wide-rounded-polished-band-pooja-diamonds-igi-certified-lab-diamond,30,,1550,,peyton east west solitaire with wide rounded polished band,radiant +14; east-west +8; solitaire +6,,lab-grown-diamond-rings,2026-01-26
wave1-A,carat,earrings,round,Round Cut Diamond Stud Earrings,rose-gold-diamond-stud-earrings,56,6,218,,stud earrings,earring demand +20; partner best-seller \#6 +30,,earrings,
wave1-A,carat,earrings,round,Stud Round Cut Diamond Earrings,stud-round-cut-diamond-earrings,56,7,371,,stud earrings,earring demand +20; partner best-seller \#7 +30,,earrings,
wave1-A,carat,earrings,marquise,Marquise And Round Diamond Butterfly Stud Earrings,marquise-and-round-diamond-butterfly-stud-earrings,48,25,386,,and butterfly stud earrings,earring demand +20; partner best-seller \#25 +22,,earrings,
wave1-A,carat,earrings,round,Round Cut Open Circle Diamond Earrings,open-circle-diamond-earrings-in-white-gold,46,4,357,,open circle earrings,earring demand +10; partner best-seller \#4 +30,,earrings,
wave1-A,carat,earrings,round,Round Cut Diamond Cross Earrings,round-cut-diamond-cross-earrings,46,5,280,,cross earrings,earring demand +10; partner best-seller \#5 +30,,earrings,
wave1-B,carat,earrings,round,Aries Earrings with Round Cut Halo Stud Style,aries-earrings-with-round-cut-halo-stud-style,42,26,371,,aries earrings with halo stud style,halo +2; earring demand +20; partner best-seller \#26 +14,,earrings,
wave1-A,carat,earrings,marquise,Marquise Earrings - Yellow Gold,buy-marquise-earrings,40,14,91,,earrings yellow,earring demand +10; partner best-seller \#14 +22,,earrings,
wave1-A,carat,earrings,oval,Oval Diamond Earrings with Yellow Gold Sparkle,oval-diamond-earrings-yellow-gold,40,16,224,,earrings with yellow sparkle,earring demand +10; partner best-seller \#16 +22,,earrings,
wave1-B,carat,earrings,round,Zig Zag Round Diamond Stud Earrings,zig-zag-round-diamond-stud-earrings,40,33,462,,zig zag stud earrings,earring demand +20; partner best-seller \#33 +14,,earrings,
wave1-B,carat,earrings,marquise,Flower Stud Marquise Cut Diamond Earrings,flower-stud-marquise-cut-diamond-earrings,40,36,406,,flower stud earrings,earring demand +20; partner best-seller \#36 +14,,earrings,
wave1-B,carat,earrings,round,Round Cut Diamond Flower Stud Earrings,round-cut-diamond-flower-stud-earrings,40,37,421,,flower stud earrings,earring demand +20; partner best-seller \#37 +14,,earrings,
wave1-B,carat,earrings,round,Round Diamond Rose Gold Stud Earrings,round-diamond-rose-gold-stud-earrings,40,48,218,,rose stud earrings,earring demand +20; partner best-seller \#48 +14,,earrings,
wave1-B,carat,earrings,round,Round Diamond Stud Earrings In White Gold,round-diamond-stud-earrings,40,49,379,,stud earrings white,earring demand +20; partner best-seller \#49 +14,,earrings,
wave1-B,carat,earrings,round,White Gold Stud Earrings With Round Diamond,white-gold-stud-earrings-round-diamond,40,50,357,,white stud earrings with,earring demand +20; partner best-seller \#50 +14,,earrings,
wave1-A,carat,earrings,marquise,Marquise Diamond Earrings in Elegant Prong Style,marquise-diamond-earrings-in-elegant-prong-style,38,15,406,,earrings elegant prong style,earring demand +10; partner best-seller \#15 +22,,earrings,
wave1-A,carat,earrings,marquise,Marquise Diamond Earrings,marquise-diamond-earrings,38,19,230,,earrings,earring demand +10; partner best-seller \#19 +22,,earrings,
wave1-A,carat,earrings,emerald,Emerald Cut Earrings,emerald-cut-earrings,38,21,182,,earrings,earring demand +10; partner best-seller \#21 +22,,earrings,
wave1-A,carat,earrings,round,Round Cut Flower Shaped Diamond Earrings,round-cut-flower-shaped-diamond-earrings,38,23,329,,flower shaped earrings,earring demand +10; partner best-seller \#23 +22,,earrings,
wave1-B,carat,earrings,other,Taurus Earrings Stud In Halo Style,taurus-earrings-stud-in-halo-style,36,27,364,,taurus earrings stud halo style,halo +2; earring demand +20; partner best-seller \#27 +14,,earrings,
wave1-A,carat,earrings,portuguese,Green Portuguese Cut Diamond Earrings in Push Back,green-portuguese-cut-diamond-earrings-in-push-back,34,22,2423,green,green portuguese earrings push back,earring demand +10; partner best-seller \#22 +22; fancy colour green,,earrings,
wave1-B,pooja,earrings,round,1 To 3 CT Classic Round Shape Lab Diamond Bezel Stud Earrings – 10K/14K/18K Gold,1-to-3-ct-classic-round-shape-lab-diamond-bezel-stud-earrings-10k-14k-18k-gold-pooja-diamond-igi-certified-lab-diamond,38,,650,,classic lab bezel stud earrings,bezel +10; earring demand +20,,lab-grown-diamond-studs,2026-02-02
wave1-B,pooja,earrings,pear,1 To 3 CT Classic Pear Shape Lab Diamond Bezel Stud Earrings – 10K/14K/18K Gold,1-to-3-ct-classic-pear-shape-lab-diamond-bezel-stud-earrings-10k-14k-18k-gold-pooja-diamond-igi-certified-lab-diamond,38,,650,,classic lab bezel stud earrings,bezel +10; earring demand +20,,lab-grown-diamond-studs,2026-02-02
wave1-B,pooja,earrings,emerald,1 To 3 CT Classic Emerald Shape Lab Diamond Bezel Stud Earrings – 10K/14K/18K Gold,1-to-3-ct-classic-emerald-shape-lab-diamond-bezel-stud-earrings-10k-14k-18k-gold-pooja-diamond-igi-certified-lab-diamond,38,,650,,classic lab bezel stud earrings,bezel +10; earring demand +20,,lab-grown-diamond-studs,2026-02-02
wave1-B,pooja,earrings,round,1 To 3 CT Classic Bezel-Set Lab Grown Round Diamond Stud Earrings in 10K/14K/18K Gold,1-to-3-ct-classic-bezel-set-lab-grown-round-diamond-stud-earrings-in-10k-14k-18k-gold-pooja-diamond-igi-certified-lab-diamond,38,,650,,classic bezel set stud earrings,bezel +10; earring demand +20,,lab-grown-diamond-studs,2026-02-02
wave1-B,pooja,earrings,round,Round Cut Lab Grown Diamond Stud Earrings in Gold,round-cut-lab-grown-diamond-stud-earrings-in-gold,36,,900,,stud earrings,bezel +10; earring demand +20,,lab-grown-diamond-studs,2025-12-11
wave1-B,pooja,earrings,pear,Pear Cut Lab Grown Diamond Stud Earrings in Gold,pear-cut-lab-grown-diamond-stud-earrings-in-gold,36,,900,,stud earrings,bezel +10; earring demand +20,,lab-grown-diamond-studs,2025-12-11
wave1-B,pooja,earrings,oval,Oval Cut Lab Grown Diamond Stud Earrings in Gold,oval-cut-lab-grown-diamond-stud-earrings-in-gold,36,,900,,stud earrings,bezel +10; earring demand +20,,lab-grown-diamond-studs,2025-12-11
wave1-B,pooja,earrings,marquise,Marquise Cut Lab Grown Diamond Stud Earrings in Gold,marquise-cut-lab-grown-diamond-stud-earrings-in-gold,36,,900,,stud earrings,bezel +10; earring demand +20,,lab-grown-diamond-studs,2025-12-11
wave1-B,pooja,earrings,emerald,Emerald Cut Lab Grown Diamond Stud Earrings in Gold,emerald-cut-lab-grown-diamond-stud-earrings-in-gold,36,,900,,stud earrings,bezel +10; earring demand +20,,lab-grown-diamond-studs,2025-12-11
wave1-B,pooja,earrings,heart,1 To 3 CT Classic Heart Shape Lab Diamond Bezel Stud Earrings – 10K/14K/18K Gold,1-to-3-ct-classic-heart-shape-lab-diamond-bezel-stud-earrings-10k-14k-18k-gold-pooja-diamond-igi-certified-lab-diamond,32,,650,,classic lab bezel stud earrings,bezel +10; earring demand +20,,lab-grown-diamond-studs,2026-02-02
wave1-B,pooja,earrings,round,1 To 3 CT Compass Point Lab Grown Round Diamond Drop Earrings in 10K/14K/18K White Gold,1-to-3-ct-compass-point-lab-grown-round-diamond-drop-earrings-in-10k-14k-18k-white-gold-pooja-diamond-igi-certified-lab-diamond,32,,700,,compass point drop earrings white,compass +4; earring demand +20,,lab-grown-diamond-studs,2026-02-02
wave1-B,pooja,earrings,emerald,1 To 3 CT Classic Halo Lab Grown Emerald Diamond Stud Earrings in 10K/14K/18K White Gold,1-to-3-ct-classic-halo-lab-grown-emerald-diamond-stud-earrings-in-10k-14k-18k-gold-pooja-diamond-igi-certified-lab-diamond,30,,700,,classic halo stud earrings white,halo +2; earring demand +20,,lab-grown-diamond-studs,2026-02-02
wave1-A,carat,pendant,marquise,Solitaire Style Marquise Diamond Pendant,solitaire-style-marquise-diamond-pendant,54,6,428,,solitaire style pendant,solitaire +6; pendant demand +18; partner best-seller \#6 +30,,pendants,
wave1-A,carat,pendant,emerald,Emerald Cut Pendant With Solitaire style,solitaire-emerald-cut-pendant-in-white-gold,54,7,428,,pendant with solitaire style,solitaire +6; pendant demand +18; partner best-seller \#7 +30,,pendants,
wave1-A,carat,pendant,other,White Gold Diamond Pendant with Solitaire Style,white-gold-diamond-pendant-with-solitaire-style,46,12,288,,white pendant with solitaire style,solitaire +6; pendant demand +18; partner best-seller \#12 +22,,pendants,
wave1-A,carat,pendant,round,Round Diamond Pendant In Solitaire Setting,round-diamond-pendant-in-solitaire-setting,46,16,428,,pendant solitaire setting,solitaire +6; pendant demand +18; partner best-seller \#16 +22,,pendants,
wave1-A,carat,pendant,princess,Princess Cut Diamond Pendant In Solitaire Style,princess-cut-diamond-pendant-in-solitaire-setting,46,17,428,,pendant solitaire style,solitaire +6; pendant demand +18; partner best-seller \#17 +22,,pendants,
wave1-A,carat,pendant,pear,Pear Diamond Pendant In Solitaire Style,pear-diamond-pendant-in-solitaire-style,46,19,428,,pendant solitaire style,solitaire +6; pendant demand +18; partner best-seller \#19 +22,,pendants,
wave1-A,carat,pendant,cushion,Cushion Cut Solitaire Diamond Pendant With Claw Prong,cushion-cut-solitaire-diamond-pendant-with-claw-prong,46,20,428,,solitaire pendant with claw prong,solitaire +6; pendant demand +18; partner best-seller \#20 +22,,pendants,
wave1-A,carat,pendant,round,Round Diamond Moon Pendant In Yellow Gold,round-diamond-moon-pendant-in-yellow-gold,44,4,218,,moon pendant yellow,pendant demand +12; partner best-seller \#4 +30,,pendants,
wave1-A,carat,pendant,other,Halo Design Libra Pendant In White Gold,halo-design-libra-pendant-in-white-gold,44,8,409,,halo design libra pendant white,halo +2; pendant demand +12; partner best-seller \#8 +30,,pendants,
wave1-A,carat,pendant,other,Halo Style Taurus Pendant In Rose Gold,halo-style-taurus-pendant-in-rose-gold,44,9,428,,halo style taurus pendant rose,halo +2; pendant demand +12; partner best-seller \#9 +30,,pendants,
wave1-A,carat,pendant,marquise,Cross Marquise Diamond Pendant with round in Bunny Ear,round-and-marquise-diamond-pendant-in-sweden-cross-style,42,3,322,,cross pendant with bunny ear,pendant demand +12; partner best-seller \#3 +30,,pendants,
wave1-A,carat,pendant,oval,Oval Diamond Pendant With Four Claw prong,oval-diamond-pendant-with-four-claw-prong,40,2,428,,pendant with four claw prong,pendant demand +10; partner best-seller \#2 +30,,pendants,
wave1-A,carat,pendant,radiant,Radiant Cut Pendant Set In Four Claw Prong,radiant-cut-pendant-set-in-four-claw-prong,40,5,428,,pendant set four claw prong,pendant demand +10; partner best-seller \#5 +30,,pendants,
wave1-A,carat,pendant,round,Classic Cross Round Diamond Pendant in Infinite style,round-cut-diamond-cross-pendant,34,15,224,,classic cross pendant infinite style,pendant demand +12; partner best-seller \#15 +22,,pendants,
wave1-A,carat,pendant,round,Round Diamond Gold Saturn Pendant,round-diamond-gold-saturn-pendant,32,11,329,,saturn pendant,pendant demand +10; partner best-seller \#11 +22,,pendants,
wave1-A,carat,pendant,round,Palm Tree Pendant with Round Lab Grown Diamond in Tropical Style,palm-tree-pendant-with-round-lab-grown-diamond-in-tropical-style,32,13,266,,palm tree pendant with tropical style,pendant demand +10; partner best-seller \#13 +22,,pendants,
wave1-A,carat,pendant,asscher,Asscher Cut Diamond Pendant With Claw Prong Setting,white-gold-asscher-cut-diamond-pendant,32,18,428,,pendant with claw prong setting,pendant demand +10; partner best-seller \#18 +22,,pendants,
wave1-B,carat,pendant,cushion,Cushion Cut Solitaire Diamond Pendant,cushion-cut-solitaire-diamond-pendant,30,54,288,,solitaire pendant,solitaire +6; pendant demand +18; partner best-seller \#54 +6,,pendants,
wave1-A,carat,ring,oval,Vintage Art Deco Oval Cut Diamond Ring,vintage-art-deco-oval-cut-diamond-ring,64,6,1022,,vintage art deco,oval +22; vintage +6; art deco +6; partner best-seller \#6 +30,,popular-engagement-rings,
wave1-A,carat,ring,oval,Solitaire Oval Cut Diamond Ring in East to West Setting,solitaire-oval-cut-diamond-ring-in-east-to-west-setting,58,20,770,,solitaire east to west setting,oval +22; east to west +8; solitaire +6; partner best-seller \#20 +22,,popular-engagement-rings,
wave1-A,carat,ring,marquise,Marquise Cut Vintage Diamond Ring with Filigree Details,marquise-cut-vintage-diamond-ring-with-filigree-details,55,3,770,,vintage with filigree details,marquise +14; vintage +6; filigree +5; partner best-seller \#3 +30,,popular-engagement-rings,
wave1-A,carat,ring,marquise,Dutch Marquise Engagement Ring with Hidden Filigree Detailing,dutch-marquise-engagement-ring-with-hidden-filigree-detailing,53,7,1002,,dutch engagement with hidden filigree detailing,marquise +14; hidden +4; filigree +5; partner best-seller \#7 +30,,popular-engagement-rings,
wave1-A,carat,ring,marquise,Nature Inspired Marquise Diamond Ring with Secure Leaf Style Prong,nature-inspired-marquise-diamond-ring-with-secure-leaf-style-prong,52,2,617,,nature inspired with secure leaf style prong,marquise +14; nature inspired +5; leaf +3; partner best-seller \#2 +30,,popular-engagement-rings,
wave1-A,carat,ring,oval,Nature Inspired Oval Diamond Ring with Leaf Style Prong Setting,nature-inspired-oval-diamond-ring-with-leaf-style-prong-setting,52,11,785,,nature inspired with leaf style prong setting,oval +22; nature inspired +5; leaf +3; partner best-seller \#11 +22,,popular-engagement-rings,
wave1-A,carat,ring,oval,Oval Bezel Engagement Ring with Milgrain,oval-bezel-engagement-ring-with-milgrain,51,33,1071,,bezel engagement with milgrain,oval +22; bezel +10; milgrain +5; partner best-seller \#33 +14,,popular-engagement-rings,
wave1-A,carat,ring,marquise,Dutch Marquise Vintage Diamond Engagement Ring,dutch-marquise-vintage-diamond-engagement-ring,50,1,1142,,dutch vintage engagement,marquise +14; vintage +6; partner best-seller \#1 +30,,popular-engagement-rings,
wave1-A,carat,ring,marquise,1 - 5 Carat Dutch Marquise Ring in Milgrain Setting,1-3-ct-dutch-marquise-ring-in-milgrain-setting,49,4,1390,,carat dutch milgrain setting,marquise +14; milgrain +5; partner best-seller \#4 +30,,popular-engagement-rings,
wave1-A,carat,ring,marquise,Dutch Marquise Diamond Ring with Hand Engraved Filigree Design,dutch-marquise-diamond-ring-with-hand-engraved-filigree-design,49,5,1036,,dutch with hand engraved filigree design,marquise +14; filigree +5; partner best-seller \#5 +30,,popular-engagement-rings,
wave1-A,carat,ring,marquise,Nature Inspired Dutch Marquise Engagement Ring in Sunflower Design,nature-inspired-dutch-marquise-engagement-ring-in-sunflower-design,49,8,736,,nature inspired dutch engagement sunflower design,marquise +14; nature inspired +5; partner best-seller \#8 +30,,popular-engagement-rings,
wave1-A,carat,ring,marquise,Muse Style Marquise Diamond Ring With Tulip Setting,muse-style-marquise-diamond-ring-with-tulip-setting,48,10,778,,muse style with tulip setting,marquise +14; tulip +4; partner best-seller \#10 +30,,popular-engagement-rings,
wave1-A,carat,ring,marquise,Art Deco Dutch Marquise Ring in Milgrain Details,art-deco-dutch-marquise-ring-in-milgrain-details,47,13,1029,,art deco dutch milgrain details,marquise +14; art deco +6; milgrain +5; partner best-seller \#13 +22,,popular-engagement-rings,
wave1-A,carat,ring,pear,Pear Diamond Nature Inspired Engagement Ring in Filigree style,pear-diamond-nature-inspired-engagement-ring-in-filigree-style,46,18,778,,nature inspired engagement filigree style,pear +14; filigree +5; nature inspired +5; partner best-seller \#18 +22,,popular-engagement-rings,
wave1-A,carat,ring,marquise,Dutch Marquise Ring with Kite and Round Side Stones,dutch-marquise-ring-with-kite-and-round-side-stones,44,9,1169,,dutch with kite and side stones,marquise +14; partner best-seller \#9 +30,,popular-engagement-rings,
wave1-B,carat,ring,oval,Oval Diamond Ring with Solitaire Setting,oval-diamond-ring-with-solitaire-setting,42,37,1002,,with solitaire setting,oval +22; solitaire +6; partner best-seller \#37 +14,,popular-engagement-rings,
wave1-B,carat,ring,oval,Vintage Oval Diamond Ring with Six Claw Prong Setting,vintage-oval-diamond-ring-with-six-claw-prong-setting,42,39,938,,vintage with six claw prong setting,oval +22; vintage +6; partner best-seller \#39 +14,,popular-engagement-rings,
wave1-A,carat,ring,marquise,Marquise Cut Diamond Ring with Hidden Flower Crown,marquise-cut-diamond-ring-with-hidden-flower-crown,40,12,973,,with hidden flower crown,marquise +14; hidden +4; partner best-seller \#12 +22,,popular-engagement-rings,
wave1-A,carat,ring,marquise,Dutch Marquise Diamond Ring with Autumn Leaf Style Prongs,dutch-marquise-diamond-ring-with-autumn-leaf-style-prongs,39,14,1022,,dutch with autumn leaf style prongs,marquise +14; leaf +3; partner best-seller \#14 +22,,popular-engagement-rings,
wave1-A,carat,ring,old-euro,Oval Cut Nature Inspired Engagement Ring In Euro Shank,oval-cut-nature-inspired-engagement-ring-in-euro-shank,39,16,869,,nature inspired engagement shank,old-euro +12; nature inspired +5; partner best-seller \#16 +22,,popular-engagement-rings,
wave1-B,carat,ring,emerald,Hand Engraved Nature Inspired Emerald Diamond Ring,hand-engraved-nature-inspired-emerald-diamond-ring,35,29,756,,hand engraved nature inspired,emerald +16; nature inspired +5; partner best-seller \#29 +14,,popular-engagement-rings,
wave1-B,carat,ring,round,Round Diamond Earrings Featuring Rose Gold,round-diamond-earrings-featuring-rose-gold,26,60,997,,earrings featuring rose,round +20; partner best-seller \#60 +6,,earrings,
wave1-A,junerings,ring,oval,Marlow || East-West Oval,marlow-east-west-oval,68,10,,,marlow east west,oval +22; east west +8; east-west +8; partner best-seller \#10 +30,,shop-all-engagement-1,
wave1-A,junerings,ring,emerald,Diamond Dusk,art-deco-emerald-bezel,62,6,,,dusk,emerald +16; bezel +10; art deco +6; partner best-seller \#6 +30,,antique-cuts/shop-all-engagement-1,
wave1-A,junerings,ring,oval,June Bezel || Oval,june-bezel-oval,62,6,,,june bezel,oval +22; bezel +10; partner best-seller \#6 +30,,shop-all-engagement-1,
wave1-A,junerings,ring,emerald,June Bezel | Antique Cut || Portrait Emerald,june-bezel-antique-cut-portrait,62,10,,,june bezel antique portrait,emerald +16; bezel +10; antique +6; partner best-seller \#10 +30,,antique-cuts,
wave1-A,junerings,ring,pear,Marlow || East-West Pear,marlow-east-west-pear,60,4,,,marlow east west,pear +14; east west +8; east-west +8; partner best-seller \#4 +30,,shop-all-engagement-1,
wave1-A,junerings,ring,elongated-cushion,Fleur | Antique Cut || Old Mine Elongated Cushion,antique-cut-fleur-old-mine-elongated-cushion,58,3,,,fleur antique,elongated-cushion +18; antique +6; old mine +4; partner best-seller \#3 +30,,antique-cuts/shop-all-engagement-1,
wave1-A,junerings,ring,oval,Fleur | Antique Cut || Oval,antique-cut-fleur-oval,58,8,,,fleur antique,oval +22; antique +6; partner best-seller \#8 +30,,antique-cuts,
wave1-A,junerings,ring,emerald,Maren || Portrait Emerald,portrait-bezel-emerald,56,4,,,maren portrait,emerald +16; bezel +10; partner best-seller \#4 +30,,antique-cuts/shop-all-engagement-1,
wave1-A,junerings,ring,elongated-cushion,June Bezel | Antique Cut Elongated Cushion,june-bezel-antique-cut-elongated-cushion,56,11,,,june bezel antique,elongated-cushion +18; bezel +10; antique +6; partner best-seller \#11 +22,,antique-cuts/shop-all-engagement-1,
wave1-A,junerings,ring,oval,Lea || 3.00 ct Oval Diamond,lea-green-oval-copy,54,3,,green,lea ct,oval +22; partner best-seller \#3 +30; fancy colour green,,shop-all-engagement-1,
wave1-A,junerings,ring,elongated-cushion,Cove | Antique Elongated Cushion,cove-antique-elongated-cushion,54,7,,,cove antique,elongated-cushion +18; antique +6; partner best-seller \#7 +30,,antique-cuts/shop-all-engagement-1,
wave1-A,junerings,ring,oval,Fleur || Oval,fleur-oval,52,1,,,fleur,oval +22; partner best-seller \#1 +30,,shop-all-engagement-1,
wave1-A,junerings,ring,oval,Caraway || Oval,copy-of-caraway-oval-1,52,7,,,caraway,oval +22; partner best-seller \#7 +30,,shop-all-engagement-1,
wave1-A,junerings,ring,oval,Laurel || Oval,laurel-oval,52,8,,,laurel,oval +22; partner best-seller \#8 +30,,shop-all-engagement-1,
wave1-A,junerings,ring,old-mine,June Solitaire | Antique Cut || Elongated Old Mine,june-antique-cut-solitaire-old-mine-elongated-cushion,52,12,,,june solitaire antique,old-mine +14; solitaire +6; antique +6; old mine +4; partner best-seller \#12 +22,,antique-cuts/shop-all-engagement-1,
wave1-A,junerings,ring,radiant,Senna || East-West Radiant,senna-east-west-radiant,52,20,,,senna east west,radiant +14; east west +8; east-west +8; partner best-seller \#20 +22,,shop-all-engagement-1,
wave1-A,junerings,ring,round,Wells || Round Rose Cut,wells-rose-cut,50,9,,,wells rose,round +20; partner best-seller \#9 +30,,antique-cuts,
wave1-A,junerings,ring,oval,June Solitaire || Oval,june-solitaire-oval,50,12,,,june solitaire,oval +22; solitaire +6; partner best-seller \#12 +22,,shop-all-engagement-1,
wave1-A,junerings,ring,elongated-cushion,Dove || Elongated Cushion,irving-elongated-cushion,48,1,,,dove,elongated-cushion +18; partner best-seller \#1 +30,,antique-cuts/shop-all-engagement-1,
wave1-A,junerings,ring,emerald,Iris || Emerald,iris-emerald,46,2,,,iris,emerald +16; partner best-seller \#2 +30,,shop-all-engagement-1,
wave1-A,junerings,ring,oval,Lea || Champagne Oval,lea-champagne-oval,46,14,,champagne,lea champagne,oval +22; partner best-seller \#14 +22; fancy colour champagne,,antique-cuts/shop-all-engagement-1,
wave1-A,junerings,ring,old-mine,Surry | Antique Cut Old Mine Cushion,surry-antique-cut-elongated-cushion,46,18,,,surry antique,old-mine +14; antique +6; old mine +4; partner best-seller \#18 +22,,antique-cuts,
wave1-A,junerings,ring,old-mine,Lea || Old Mine Cushion Diamond,lea-antique-cushion-diamond,46,24,,,lea,old-mine +14; antique +6; old mine +4; partner best-seller \#24 +22,,antique-cuts/shop-all-engagement-1,
wave1-A,junerings,ring,pear,Dahlia || Pear,dahlia-pear,44,2,,,dahlia,pear +14; partner best-seller \#2 +30,,antique-cuts,
wave1-A,junerings,ring,marquise,Dahlia || Marquise,dahlia-marquise-2,44,5,,,dahlia,marquise +14; partner best-seller \#5 +30,,shop-all-engagement-1,
wave1-A,junerings,ring,marquise,Zinnia || East-West Marquise,zinnia-marquise,44,14,,,zinnia east west,marquise +14; east-west +8; partner best-seller \#14 +22,,shop-all-engagement-1,
wave1-A,junerings,ring,oval,Dawn || Oval,dawn-oval,44,15,,,dawn,oval +22; partner best-seller \#15 +22,,shop-all-engagement-1,
wave1-A,junerings,ring,oval,Isle || Oval,isle-oval,44,17,,,isle,oval +22; partner best-seller \#17 +22,,antique-cuts/shop-all-engagement-1,
wave1-A,junerings,ring,oval,Iris || Oval,iris-oval-2,44,24,,,iris,oval +22; partner best-seller \#24 +22,,shop-all-engagement-1,
wave1-A,junerings,ring,emerald,Champagne Maren || Portrait emerald,champagne-maren-portrait-emerald,40,15,,champagne,champagne maren portrait,emerald +16; partner best-seller \#15 +22; fancy colour champagne,,antique-cuts/shop-all-engagement-1,
wave1-A,junerings,ring,elongated-cushion,Eddy || Elongated Cushion,eddy-elongated-cushion,40,16,,,eddy,elongated-cushion +18; partner best-seller \#16 +22,,antique-cuts,
wave1-A,junerings,ring,emerald,Lark || Emerald,lark-emerald,38,13,,,lark,emerald +16; partner best-seller \#13 +22,,shop-all-engagement-1,
wave1-A,junerings,ring,emerald,Cassia || Emerald,emerald-cassia,38,18,,,cassia,emerald +16; partner best-seller \#18 +22,,shop-all-engagement-1,
wave1-A,junerings,ring,emerald,Eddy | Old Cut Emerald,eddy-old-cut-emerald,38,23,,,eddy old,emerald +16; partner best-seller \#23 +22,,antique-cuts/shop-all-engagement-1,
wave1-A,junerings,ring,moval,Alba | Moval Champagne,alba-moval-champagne,36,19,,champagne,alba champagne,moval +12; partner best-seller \#19 +22; fancy colour champagne,,antique-cuts/shop-all-engagement-1,
wave1-A,junerings,ring,radiant,Amber || Radiant,amber-radiant,36,21,,,amber,radiant +14; partner best-seller \#21 +22,,shop-all-engagement-1,
wave1-A,junerings,ring,marquise,Sutton || Marquise,sutton-cushion-copy,36,21,,,sutton,marquise +14; partner best-seller \#21 +22,,antique-cuts/shop-all-engagement-1,
wave1-A,junerings,ring,radiant,Bay || Radiant,bay-radiant,36,23,,,bay,radiant +14; partner best-seller \#23 +22,,shop-all-engagement-1,
wave1-A,junerings,ring,other,Juno,juno,34,5,,,juno,other +4; partner best-seller \#5 +30,,antique-cuts/shop-all-engagement-1,
wave1-A,junerings,ring,moval,Ivory || Moval,ivory-moval,34,11,,,ivory,moval +12; partner best-seller \#11 +22,,shop-all-engagement-1,
wave1-A,junerings,ring,old-euro,Arden || Euro Cut,arden-euro-cut,34,13,,,arden,old-euro +12; partner best-seller \#13 +22,,antique-cuts/shop-all-engagement-1,
wave1-A,junerings,ring,cushion,Estelle || Rose cut Cushion,estelle-rose-cut-cushion,32,20,,,estelle rose,cushion +10; partner best-seller \#20 +22,,antique-cuts/shop-all-engagement-1,
wave1-A,junerings,ring,baguette,Nova || Baguette,nova-baguette,28,22,,,nova,baguette +6; partner best-seller \#22 +22,,shop-all-engagement-1,
wave1-A,junerings,ring,baguette,Marigold || Baguette,marigold-baguette-2,28,25,,,marigold,baguette +6; partner best-seller \#25 +22,,shop-all-engagement-1,
wave1-A,junerings,ring,other,Azure,azure,26,22,,,azure,other +4; partner best-seller \#22 +22,,antique-cuts/shop-all-engagement-1,
wave1-A,pooja,ring,oval,1 TO 5 CT Contemporary Lab Grown Oval Cut Diamond Luna East-West Bezel Solitaire Ring in 10K/14K/18K Gold,1-to-5-ct-contemporary-lab-grown-oval-cut-diamond-luna-east-west-bezel-solitaire-ring-in-10k-14k-18k-gold-pooja-diamond-igi-certified-lab-diamond,46,,1000,,contemporary luna east west bezel solitaire,oval +22; bezel +10; east-west +8; solitaire +6,,lab-grown-diamond-rings,2026-01-20
wave1-A,pooja,ring,oval,1 To 5 Ct Luxe Floating Oval Cut Lab Grown Diamond Three Stone Ring with Hidden Halo in 10K / 14K / 18K Gold,1-to-5-ct-luxe-floating-oval-cut-lab-grown-diamond-three-stone-ring-with-hidden-halo-in-10k-14k-18k-gold-pooja-diamond-igi-certified-lab-diamond,45,,1100,,luxe floating three stone with hidden halo,oval +22; three stone +8; hidden halo +7; hidden +4; halo +2,,lab-grown-diamond-rings,2026-03-17
wave1-B,pooja,ring,oval,1 To 5 Ct Twisted Vine Hidden Halo Oval Cut Lab Grown Diamond Ring,1-to-5-ct-twisted-vine-hidden-halo-oval-cut-lab-grown-diamond-ring-pooja-diamond-igi-certified-lab-diamond,44,,1000,,twisted vine hidden halo,oval +22; hidden halo +7; hidden +4; solitaire +6; vine +4; halo +2,,lab-grown-diamond-rings,2026-01-29
wave1-B,pooja,ring,round,1 To 5 Ct Luxe Floating Round Cut Lab Grown Diamond Three Stone Ring with Hidden Halo in 10K / 14K / 18K Gold,1-to-5-ct-luxe-floating-round-cut-lab-grown-diamond-three-stone-ring-with-hidden-halo-in-10k-14k-18k-gold-pooja-diamond-igi-certified-lab-diamond,43,,1100,,luxe floating three stone with hidden halo,round +20; three stone +8; hidden halo +7; hidden +4; halo +2,,lab-grown-diamond-rings,2026-03-17
wave1-B,pooja,ring,oval,1 To 5 Ct Lab Grown Oval Cut Secret Halo Six-Prong Diamond Ring with Hidden Halo in 10K/14K/18K Gold,1-to-5-ct-lab-grown-oval-cut-secret-halo-six-prong-diamond-ring-with-hidden-halo-in-10k-14k-18k-gold-pooja-diamond-igi-certified-lab-diamond,43,,1000,,secret halo six prong with hidden halo,oval +22; hidden halo +7; hidden +4; solitaire +6; halo +2,,lab-grown-diamond-rings,2026-01-27
wave1-B,pooja,ring,oval,1 To 5 Ct Lab Grown Oval Cut Secret Halo 2mm Diamond Ring with Hidden Halo in 10K/14K/18K Gold,1-to-5-ct-lab-grown-marquise-cut-secret-halo-2mm-diamond-ring-with-hidden-halo-in-10k-14k-18k-gold-pooja-diamond-igi-certified-lab-diamond,43,,1000,,secret halo mm with hidden halo,oval +22; hidden halo +7; hidden +4; solitaire +6; halo +2,,lab-grown-diamond-rings,2026-01-27
wave1-B,pooja,ring,oval,1 TO 5 CT Elegant Lab Grown Oval Cut Petal Six Prong Diamond Ring with Hidden Halo in 10K/14K/18K Gold,1-to-5-ct-elegant-lab-grown-oval-cut-petal-six-prong-diamond-ring-with-hidden-halo-in-10k-14k-18k-gold-pooja-diamond-igi-certified-lab-diamond,43,,1050,,elegant petal six prong with hidden halo,oval +22; hidden halo +7; hidden +4; solitaire +6; halo +2,,lab-grown-diamond-rings,2026-01-26
wave1-B,pooja,ring,oval,1 TO 5 CT Lab Grown Oval Cut Petal 1.5mm Diamond Ring in 10K/14K/18K Gold with Hidden Halo Gallery,1-to-5-ct-lab-grown-oval-cut-petal-1-5mm-diamond-ring-in-10k-14k-18k-gold-with-hidden-halo-gallery-pooja-diamond-igi-certified-lab-diamond,43,,1000,,petal mm with hidden halo gallery,oval +22; hidden halo +7; hidden +4; solitaire +6; halo +2,,lab-grown-diamond-rings,2026-01-21
wave1-B,pooja,ring,oval,1 TO 5 CT Lab Grown Oval Cut Diamond Mixed Metal Lumiere Diamond Ring in 10K/14K/18K Gold with Hidden Halo,1-to-5-ct-lab-grown-oval-cut-diamond-mixed-metal-lumiere-diamond-ring-in-10k-14k-18k-gold-with-hidden-halo-pooja-diamond-igi-certified-lab-diamond,43,,1000,,mixed metal lumiere with hidden halo,oval +22; hidden halo +7; hidden +4; solitaire +6; halo +2,,lab-grown-diamond-rings,2026-01-21
wave1-B,pooja,ring,oval,1 TO 5 CT Lab Grown Oval Cut Lumiere 2mm Diamond Ring with Hidden Halo in 10K/14K/18K Gold,1-to-5-ct-lab-grown-oval-cut-lumiere-2mm-diamond-ring-with-hidden-halo-in-10k-14k-18k-gold-pooja-diamond-igi-certified-lab-diamond,43,,1050,,lumiere mm with hidden halo,oval +22; hidden halo +7; hidden +4; solitaire +6; halo +2,,lab-grown-diamond-rings,2026-01-20
wave1-B,pooja,ring,oval,1 TO 5 CT Lab Grown Oval Cut Gwen Perfect Fit Diamond Ring with Hidden Halo in 10K/14K/18K Gold,1-to-5-ct-lab-grown-oval-cut-gwen-perfect-fit-diamond-ring-with-hidden-halo-in-10k-14k-18k-gold-pooja-diamond-igi-certified-lab-diamond,43,,1000,,gwen perfect fit with hidden halo,oval +22; hidden halo +7; hidden +4; solitaire +6; halo +2,,lab-grown-diamond-rings,2026-01-19
wave1-B,pooja,ring,oval,1 TO 5 CT Lab Grown Oval Cut Esme Hidden Halo Diamond Ring with Hidden Accents in 10K/14K/18K Gold,1-to-5-ct-lab-grown-oval-cut-esme-hidden-halo-diamond-ring-with-hidden-accents-in-10k-14k-18k-gold-pooja-diamond-igi-certified-lab-diamond,43,,1000,,esme hidden halo with hidden accents,oval +22; hidden halo +7; hidden +4; solitaire +6; halo +2,,lab-grown-diamond-rings,2026-01-17
wave1-B,pooja,ring,oval,1 TO 5 CT Luxury Oval Cut Lab Grown Diamond Ring with Elle Hidden Halo in 10K/14K/18K Gold,1-to-5-ct-luxury-oval-cut-lab-grown-diamond-ring-with-elle-hidden-halo-in-10k-14k-18k-gold-pooja-diamond-igi-certified-lab-daimond,43,,1000,,luxury with elle hidden halo,oval +22; hidden halo +7; hidden +4; solitaire +6; halo +2,,lab-grown-diamond-rings,2026-01-16
wave1-B,pooja,ring,oval,1 TO 5 CT Lab Grown Oval Cut Diamond Solitaire Ring in 10K/14K/18K Gold with Hidden Halo,1-to-5-ct-lab-grown-oval-cut-diamond-solitaire-ring-in-10k-14k-18k-gold-with-hidden-halo-luxury-engagement-ring-pooja-diamond-igi-certified-lab-daimond,43,,1150,,solitaire with hidden halo,oval +22; hidden halo +7; hidden +4; solitaire +6; halo +2,,lab-grown-diamond-rings,2026-01-13
wave1-B,pooja,ring,oval,1 TO 5 CT Lab Grown Oval Cut Diamond Ring in 10K/14K/18K Gold with Hidden Halo,1-to-5-ct-lab-grown-oval-cut-diamond-ring-in-10k-14k-18k-gold-with-hidden-halo-luxury-solitaire-pooja-diamond-igi-certified-lab-daimond,43,,1050,,with hidden halo,oval +22; hidden halo +7; hidden +4; solitaire +6; halo +2,,lab-grown-diamond-rings,2026-01-13
wave1-B,pooja,ring,round,1 To 5 Ct Twisted Vine Hidden Halo Round Cut Lab Grown Diamond Ring,1-to-5-ct-twisted-vine-hidden-halo-round-cut-lab-grown-diamond-ring-pooja-diamond-igi-certified-lab-diamond,42,,1000,,twisted vine hidden halo,round +20; hidden halo +7; hidden +4; solitaire +6; vine +4; halo +2,,lab-grown-diamond-rings,2026-01-29
wave1-B,pooja,ring,round,1 To 5 CT Round Cut Lab Grown Diamond Bezel Set Vintage Style Ring in Gold,round-cut-lab-grown-diamond-bezel-set-engagement-ring,42,,1150,,bezel set vintage style,round +20; bezel +10; solitaire +6; vintage +6,,lab-grown-diamond-rings,2025-12-16
wave1-B,pooja,ring,round,1 To 5 Ct Lab Grown Round Cut Secret Halo Six-Prong Diamond Ring with Hidden Halo in 10K/14K/18K Gold,1-to-5-ct-lab-grown-round-cut-secret-halo-six-prong-diamond-ring-with-hidden-halo-in-10k-14k-18k-gold-pooja-diamond-igi-certified-lab-diamond,41,,1000,,secret halo six prong with hidden halo,round +20; hidden halo +7; hidden +4; solitaire +6; halo +2,,lab-grown-diamond-rings,2026-01-27
wave1-B,pooja,ring,round,1 To 5 Ct Lab Grown Round Cut Secret Halo 2mm Diamond Ring with Hidden Halo in 10K/14K/18K Gold,1-to-5-ct-lab-grown-round-cut-secret-halo-2mm-diamond-ring-with-hidden-halo-in-10k-14k-18k-gold-pooja-diamond-igi-certified-lab-diamond,41,,1000,,secret halo mm with hidden halo,round +20; hidden halo +7; hidden +4; solitaire +6; halo +2,,lab-grown-diamond-rings,2026-01-27
wave1-B,pooja,ring,round,1 TO 5 CT Elegant Lab Grown Round Cut Petal Six Prong Diamond Ring with Hidden Halo in 10K/14K/18K Gold,1-to-5-ct-elegant-lab-grown-round-cut-petal-six-prong-diamond-ring-with-hidden-halo-in-10k-14k-18k-gold-pooja-diamond-igi-certified-lab-diamond,41,,1050,,elegant petal six prong with hidden halo,round +20; hidden halo +7; hidden +4; solitaire +6; halo +2,,lab-grown-diamond-rings,2026-01-26
wave1-B,pooja,ring,round,1 TO 5 CT Lab Grown Round Cut Petal 1.5mm Diamond Ring in 10K/14K/18K Gold with Hidden Halo Gallery,1-to-5-ct-lab-grown-round-cut-petal-1-5mm-diamond-ring-in-10k-14k-18k-gold-with-hidden-halo-gallery-pooja-diamond-igi-certified-lab-diamond,41,,1000,,petal mm with hidden halo gallery,round +20; hidden halo +7; hidden +4; solitaire +6; halo +2,,lab-grown-diamond-rings,2026-01-21
wave1-B,pooja,ring,round,1 TO 5 CT Lab Grown Round Cut Diamond Mixed Metal Lumiere Diamond Ring in 10K/14K/18K Gold with Hidden Halo,1-to-5-ct-lab-grown-round-cut-diamond-mixed-metal-lumiere-diamond-ring-in-10k-14k-18k-gold-with-hidden-halo-pooja-diamond-igi-certified-lab-diamond,41,,1000,,mixed metal lumiere with hidden halo,round +20; hidden halo +7; hidden +4; solitaire +6; halo +2,,lab-grown-diamond-rings,2026-01-21
wave1-B,pooja,ring,round,1 TO 5 CT Lab Grown Round Cut Lumiere 2mm Diamond Ring with Hidden Halo in 10K/14K/18K Gold,1-to-5-ct-lab-grown-round-cut-lumiere-2mm-diamond-ring-with-hidden-halo-in-10k-14k-18k-gold-pooja-diamond-igi-certified-lab-diamond,41,,1050,,lumiere mm with hidden halo,round +20; hidden halo +7; hidden +4; solitaire +6; halo +2,,lab-grown-diamond-rings,2026-01-20
wave1-B,pooja,ring,round,1 TO 5 CT Lab Grown Round Cut Gwen Perfect Fit Diamond Ring with Hidden Halo in 10K/14K/18K Gold,1-to-5-ct-lab-grown-round-cut-gwen-perfect-fit-diamond-ring-with-hidden-halo-in-10k-14k-18k-gold-pooja-diamond-igi-certified-lab-diamond,41,,1000,,gwen perfect fit with hidden halo,round +20; hidden halo +7; hidden +4; solitaire +6; halo +2,,lab-grown-diamond-rings,2026-01-19
wave1-B,pooja,ring,round,1 TO 5 CT Lab Grown Round Cut Esme Hidden Halo Diamond Ring with Hidden Accents in 10K/14K/18K Gold,1-to-5-ct-lab-grown-round-cut-esme-hidden-halo-diamond-ring-with-hidden-accents-in-10k-14k-18k-gold-pooja-diamond-igi-certified-lab-diamond,41,,1000,,esme hidden halo with hidden accents,round +20; hidden halo +7; hidden +4; solitaire +6; halo +2,,lab-grown-diamond-rings,2026-01-17
wave1-B,pooja,ring,round,1 TO 5 CT Luxury Round Cut Lab Grown Diamond Ring with Elle Hidden Halo in 10K/14K/18K Gold,1-to-5-ct-luxury-round-cut-lab-grown-diamond-ring-with-elle-hidden-halo-in-10k-14k-18k-gold-pooja-diamond-igi-certified-lab-daimond,41,,1000,,luxury with elle hidden halo,round +20; hidden halo +7; hidden +4; solitaire +6; halo +2,,lab-grown-diamond-rings,2026-01-16
wave1-B,pooja,ring,round,1 TO 5 CT Lab Grown Round Cut Diamond Solitaire Ring in 10K/14K/18K Gold with Hidden Halo,1-to-5-ct-lab-grown-round-cut-diamond-solitaire-ring-in-10k-14k-18k-gold-with-hidden-halo-luxury-engagement-ring-pooja-diamond-igi-certified-lab-daimond,41,,1150,,solitaire with hidden halo,round +20; hidden halo +7; hidden +4; solitaire +6; halo +2,,lab-grown-diamond-rings,2026-01-13
wave1-B,pooja,ring,round,1 TO 5 CT Lab Grown Round Cut Diamond Ring in 10K/14K/18K Gold with Hidden Halo,1-to-5-ct-lab-grown-round-cut-diamond-ring-in-10k-14k-18k-gold-with-hidden-halo-luxury-solitaire-pooja-diamond-igi-certified-lab-daimond,41,,1050,,with hidden halo,round +20; hidden halo +7; hidden +4; solitaire +6; halo +2,,lab-grown-diamond-rings,2026-01-13
wave1-B,pooja,ring,emerald,1 TO 5 CT Contemporary Lab Grown Emerald Cut Diamond Luna East-West Bezel Solitaire Ring in 10K/14K/18K Gold,1-to-5-ct-contemporary-lab-grown-emerald-cut-diamond-luna-east-west-bezel-solitaire-ring-in-10k-14k-18k-gold-pooja-diamond-igi-certified-lab-diamond,40,,1000,,contemporary luna east west bezel solitaire,emerald +16; bezel +10; east-west +8; solitaire +6,,lab-grown-diamond-rings,2026-01-20
wave1-B,pooja,ring,emerald,1 TO 5 CT Lab Grown Emerald Cut Diamond Bezel Set Ring in 10K/14K/18K Gold – Modern Solitaire Design,1-to-5-ct-lab-grown-asscher-cut-diamond-bezel-set-ring-in-10k-14k-18k-gold-modern-solitaire-design-pooja-diamonds-igi-certified-lab-diamond,34,,1100,,bezel set modern solitaire design,emerald +16; bezel +10; solitaire +6,,lab-grown-diamond-rings,2026-01-19
wave1-B,pooja,ring,emerald,2 To 5 CT Emerald Cut Lab Grown Diamond Solitaire Ring in Gold,emerald-cut-lab-grown-diamond-ring-4-prong-gold-solitaire-anniversary-ring,34,,1900,,solitaire,emerald +16; bezel +10; solitaire +6,,lab-grown-diamond-rings,2025-12-12
wave1-B,pooja,ring,emerald,1 To 3 CT Lab Grown Emerald Cut Bezel Three-Stone Diamond Ring,emerald-cut-three-stone-diamond-ring-with-half-moon-side-diamonds-bezel-set-gold-ring,34,,1150,,bezel three stone,emerald +16; bezel +10; three stone +8,,lab-grown-diamond-rings,2025-12-18
wave1-B,pooja,ring,emerald,1 TO 5 CT Lab Grown Emerald Cut Diamond Morgan East-West Solitaire Ring in 10K/14K/18K Gold – Classic Four Prong Setting,1-to-5-ct-lab-grown-emerald-cut-diamond-morgan-east-west-solitaire-ring-in-10k-14k-18k-gold-classic-four-prong-setting-pooja-diamond-igi-certified-lab-diamond,32,,1000,,morgan east west solitaire classic four prong setting,emerald +16; east-west +8; solitaire +6,,lab-grown-diamond-rings,2026-01-21
wave1-B,pooja,ring,radiant,1 TO 5 CT Lab Grown Radiant Cut Diamond Bezel Set Ring in 10K/14K/18K Gold – Modern Solitaire Design,1-to-5-ct-lab-grown-radiant-cut-diamond-bezel-set-ring-in-10k-14k-18k-gold-modern-solitaire-design-pooja-diamonds-igi-certified-lab-diamond,32,,1100,,bezel set modern solitaire design,radiant +14; bezel +10; solitaire +6,,lab-grown-diamond-rings,2026-01-19
wave1-B,pooja,ring,radiant,1 To 3 CT Lab Grown Radiant Cut Bezel Three-Stone Diamond Ring in Gold,radiant-cut-lab-grown-diamond-bezel-set-ring-luxury-three-stone-engagement-ring,32,,1100,,bezel three stone,radiant +14; bezel +10; three stone +8,,lab-grown-diamond-rings,2025-12-18
wave1-B,pooja,ring,emerald,1 To 5 CT Emerald Cut Lab Grown Diamond Signet Ring in Gold,men-s-emerald-cut-lab-grown-diamond-ring,31,,1200,,signet,emerald +16; bezel +10; signet +3,,lab-grown-diamond-rings,2025-12-13
wave1-B,pooja,ring,emerald,1 To 5 CT Begonia Vine Three Stone Lab-Grown Diamond Ring in 10K/14K/18K Gold – Emerald Cut Center with Marquise & Round Side Diamonds,1-to-5-ct-begonia-vine-three-stone-lab-grown-diamond-ring-in-10k-14k-18k-gold-emerald-cut-center-with-marquise-round-side-diamonds-pooja-diamond-igi-certified-lab-diamond,30,,1150,,begonia vine three stone center with side diamonds,emerald +16; three stone +8; vine +4,,lab-grown-diamond-rings,2026-02-13
wave1-B,pooja,ring,emerald,1 To 5 Ct Secret Garden Emerald Cut Lab Grown Diamond Three Stone Ring with Round & Marquise Leaf Accents in 10K/14K/18K Gold,1-to-5-ct-secret-garden-emerald-cut-lab-grown-diamond-three-stone-ring-with-round-marquise-leaf-accents-in-10k-14k-18k-gold-pooja-diamond-igi-certified-lab-diamond,29,,1100,,secret garden three stone with leaf accents,emerald +16; three stone +8; leaf +3,,lab-grown-diamond-rings,2026-03-03
wave1-B,pooja,ring,asscher,1 TO 5 CT Vintage Style Asscher Cut Lab Grown Diamond Ring in 10K/14K/18K Gold,1-to-5-ct-vintage-style-asscher-cut-lab-grown-diamond-ring-in-10k-14k-18k-gold-igi-certified-lab-diamond,29,,1000,,vintage style,asscher +8; hidden halo +7; hidden +4; vintage +6; halo +2,,lab-grown-diamond-rings,2026-01-08
wave1-B,pooja,ring,emerald,1 TO 5 CT Lab Grown Emerald Cut Diamond Hidden Heart Solitaire Ring in 10K/14K/18K Gold,1-to-5-ct-lab-grown-emerald-cut-diamond-hidden-heart-solitaire-ring-in-10k-14k-18k-gold-classic-engagement-ring-igi-certified-lab-diamond,28,,1000,,hidden solitaire,emerald +16; hidden +4; solitaire +6,,lab-grown-diamond-rings,2026-01-19
wave1-B,pooja,ring,emerald,1 TO 5 CT Lab Grown Emerald Cut Hidden Heart Diamond Solitaire Ring with Diamond-Accented Gallery in 10K/14K/18K Gold,1-to-5-ct-lab-grown-emerald-cut-hidden-heart-diamond-solitaire-ring-with-diamond-accented-gallery-in-10k-14k-18k-gold-pooja-diamond-igi-certified-lab-diamond,28,,1000,,hidden solitaire with accented gallery,emerald +16; hidden +4; solitaire +6,,lab-grown-diamond-rings,2026-01-19
wave1-B,pooja,ring,asscher,1 To 5 CT Asscher Cut Lab Grown Diamond Three-Stone Bezel Ring in Yellow Gold,asscher-cut-lab-grown-diamond-ring-with-baguette-side-stones-1,28,,1100,,three stone bezel yellow,asscher +8; bezel +10; three stone +8,,lab-grown-diamond-rings,2025-12-17
wave1-B,pooja,ring,emerald,1 To 5 CT Emerald Cut Lab Grown Diamond Wrap Ring in Gold,emerald-cut-lab-grown-diamond-solitaire-engagement-ring,28,,1200,,wrap,emerald +16; bezel +10,,lab-grown-diamond-rings,2025-12-13
wave1-B,pooja,ring,emerald,1 TO 5 Ct Vertical Baguette Three Stone Emerald Cut Lab-Grown Diamond Ring in 10K/14K/18K Gold,1-to-5-ct-vertical-baguette-three-stone-emerald-cut-lab-grown-diamond-ring-in-10k-14k-18k-gold-pooja-diamond-igi-certified-lab-diamond,26,,1050,,vertical three stone,emerald +16; three stone +8,,lab-grown-diamond-rings,2026-04-09
wave1-B,pooja,ring,emerald,1 To 5 CT Symphony Tapered Baguette Three Stone Emerald Cut Lab-Grown Diamond Ring in 10K/14K/18K Gold,1-to-5-ct-symphony-tapered-baguette-three-stone-emerald-cut-lab-grown-diamond-ring-in-10k-14k-18k-gold-pooja-diamond-igi-certified-lab-diamond,26,,1050,,symphony tapered three stone,emerald +16; three stone +8,,lab-grown-diamond-rings,2026-04-07
wave1-B,pooja,ring,emerald,1 To 5 Ct Sasha Emerald Cut Three Stone Marquise Lab-Grown Diamond Ring in 10K/14K/18K Gold,1-to-5-ct-sasha-emerald-cut-three-stone-marquise-lab-grown-diamond-ring-in-10k-14k-18k-gold-pooja-diamond-igi-certified-lab-diamond,26,,1050,,sasha three stone,emerald +16; three stone +8,,lab-grown-diamond-rings,2026-04-02
wave1-B,pooja,ring,cushion,1 To 5 Ct Lab Grown Cushion Cut Diamond Bezel Solitaire Ring,cushion-cut-lab-grown-diamond-bezel-set-engagement-ring,26,,1300,,bezel solitaire,cushion +10; bezel +10; solitaire +6,,lab-grown-diamond-rings,2025-12-18
wave1-B,pooja,ring,hexagon,1 To 3 CT Lab Grown Hexagonal Cut Bezel Three-Stone Diamond Ring in Gold,hexagon-cut-lab-grown-diamond-engagement-ring-with-side-stones-modern-art-deco-gold-ring,26,,1500,,hexagonal bezel three stone,hexagon +4; bezel +10; three stone +8; antique +6,,lab-grown-diamond-rings,2025-12-18
wave1-B,pooja,ring,pear,1 To 5 Carat Open Pear Shape Lab Grown Diamond Ring in Yellow Gold,pear-cut-lab-grown-diamond-open-ring,26,,1400,,to carat open yellow,pear +14; bezel +10,,lab-grown-diamond-rings,2025-12-14
wave1-B,pooja,ring,marquise,1 To 5 CT Round Cut Lab Grown Diamond Solitaire Ring with Marquise Accents in Gold,floral-leaf-design-diamond-engagement-ring,25,,1050,,solitaire with accents,marquise +14; solitaire +6; nature inspired +5,,lab-grown-diamond-rings,2025-12-16
wave1-B,pooja,ring,pear,1 To 5 Ct Petite Fleur Pear Cut Three Stone Lab-Grown Diamond Ring in 10K/14K/18K Gold,1-to-5-ct-petite-fleur-pear-cut-three-stone-lab-grown-diamond-ring-with-pear-side-accents-in-10k-14k-18k-gold-pooja-diamond-igi-certified-lab-diamond,24,,1050,,petite fleur three stone,pear +14; three stone +8,,lab-grown-diamond-rings,2026-03-27
wave1-B,pooja,ring,pear,1 To 5 CT Luxe Delilah Round Cut Lab Grown Diamond Three Stone Ring with Pear Side Diamonds in 10K / 14K / 18K Gold,1-to-5-ct-luxe-delilah-round-cut-lab-grown-diamond-three-stone-ring-with-pear-side-diamonds-in-10k-14k-18k-gold-pooja-diamond-igi-certified-lab-diamond,24,,1100,,luxe delilah three stone with side diamonds,pear +14; three stone +8,,lab-grown-diamond-rings,2026-03-13
wave1-B,pooja,ring,marquise,1 To 5 CT Marquise Shape Lab Grown Diamond Bezel Set Ring in Gold,lab-created-marquise-diamond-bezel-ring,24,,1300,,bezel set,marquise +14; bezel +10,,lab-grown-diamond-rings,2025-12-13
wave1-B,pooja,ring,other,1 TO 5 CT Lab Grown Cuhsion Cut Diamond Julietta Bezel Solitaire Ring in 10K/14K/18K Gold,1-to-5-ct-lab-grown-cuhsion-cut-diamond-julietta-bezel-solitaire-ring-in-10k-14k-18k-gold-pooja-diamond-igi-certified-lab-diamond,22,,1000,,cuhsion julietta bezel solitaire,other +4; bezel +10; solitaire +6,,lab-grown-diamond-rings,2026-01-20
wave1-B,pooja,ring,hexagon,1 To 3 CT Lab Grown Hexagonal Cut Three-Stone Diamond Ring in Gold,modern-bezel-set-hexagonal-cut-lab-diamond-engagement-ring,22,,1500,,hexagonal three stone,hexagon +4; bezel +10; three stone +8,,lab-grown-diamond-rings,2025-12-18
wave1-B,pooja,ring,hexagon,1 To 3 CT Hexagonal Cut Lab Grown Diamond Three-Stone Ring in Rose Gold,hexagonal-cut-lab-grown-diamond-bezel-set-three-stone-ring,22,,1400,,hexagonal three stone rose,hexagon +4; bezel +10; three stone +8,,lab-grown-diamond-rings,2025-12-18
wave1-B,pooja,ring,radiant,1 To 5 CT Radiant Cut Pink Lab Grown Diamond Double Halo Ring in White Gold,1-to-5-ct-radiant-cut-pink-lab-grown-diamond-double-halo-ring-in-white-gold-luxury-engagement-ring-pooja-diamond,18,,4600,pink,pink double halo white,radiant +14; halo +2; fancy colour pink,,lab-grown-diamond-rings,2025-12-27
wave1-B,pooja,ring,radiant,1 To 5 CT Radiant Cut Blue Lab Grown Diamond Double Halo Ring in Rose Gold,1-to-5-ct-radiant-cut-blue-lab-grown-diamond-double-halo-ring-in-rose-gold-luxury-engagement-ring-pooja-diamond,18,,4400,blue,blue double halo rose,radiant +14; halo +2; fancy colour blue,,lab-grown-diamond-rings,2025-12-27
wave1-B,pooja,ring,pear,1 To 5 CT Pear Cut Lab Grown Diamond Halo Ring in Yellow Gold,pear-shape-lab-grown-diamond-halo-ring,18,,1800,,halo yellow,pear +14; halo +2,,lab-grown-diamond-rings,2025-12-14
wave1-B,pooja,ring,pear,Multi-Row Pear & Round Lab Grown Diamond Spiral Wrap Ring in Yellow Gold,pear-round-lab-grown-diamond-wrap-ring,16,,1150,,multi row spiral wrap yellow,pear +14,,lab-grown-diamond-rings,2025-12-17
wave1-B,pooja,ring,marquise,Round Cut Lab Grown Diamond Engagement Ring with Marquise Side Diamonds in Yellow Gold,classic-round-lab-grown-diamond-ring,16,,1800,,engagement with side diamonds yellow,marquise +14,,lab-grown-diamond-rings,2025-12-15
wave1-B,pooja,ring,radiant,1 To 5 CT Radiant Cut Lab Grown Diamond Double Halo Ring in Gold,radiant-cut-lab-grown-diamond-double-halo-ring,16,,3000,,double halo,radiant +14; halo +2,,lab-grown-diamond-rings,2025-12-15
wave1-B,pooja,ring,marquise,2 To 4 CT Double Marquise Lab Grown Diamond Bypass Ring in Gold,double-marquise-lab-grown-diamond-bypass-ring,16,,3600,,double bypass,marquise +14,,lab-grown-diamond-rings,2025-12-13
wave1-B,pooja,ring,marquise,2 To 5 CT Marquise Cut Lab Grown Diamond Engagement Ring with Side Stones in Gold,lab-grown-marquise-cut-diamond-engagement-ring,16,,2400,,engagement with side stones,marquise +14,,lab-grown-diamond-rings,2025-12-13
wave1-B,pooja,ring,pear,Pear & Marquise Lab Grown Diamond Tiara Ring in Gold,contemporary-pear-marquise-lab-grown-diamond-ring,14,,900,,tiara,pear +14,,lab-grown-diamond-rings,2025-12-17
wave1-B,pooja,ring,other,1 TO 5 CT Lab Grown Peincess Cut Diamond Atelier Solitaire Ring in 10K/14K/18K Gold,1-to-5-ct-lab-grown-asscher-cut-diamond-atelier-solitaire-ring-in-10k-14k-18k-gold-twisted-band-engagement-ring-igi-certified-lab-daimond-6,12,,1000,,peincess atelier solitaire,other +4; solitaire +6,,lab-grown-diamond-rings,2026-01-12
wave1-B,pooja,ring,other,2 To 5 CT Leaf Inspired Lab Grown Diamond Ring in Gold,designer-leaf-shaped-lab-grown-diamond-ring,9,,3900,,leaf inspired,other +4; leaf +3,,lab-grown-diamond-rings,2025-12-13
wave1-B,pooja,ring,other,Mix Shape Lab Grown Diamond Spiral Wrap Ring in Gold,designer-lab-grown-diamond-wrap-ring-marquise-round-cuts,6,,1150,,mix spiral wrap,other +4,,lab-grown-diamond-rings,2025-12-17
wave1-B,pooja,ring,heart,1 To 5 CT Heart Shape Lab Grown Diamond Open Wrap Ring in Gold,heart-round-lab-grown-diamond-wrap-ring,5,,1900,,open wrap,heart +5,,lab-grown-diamond-rings,2025-12-17
